"id","author_id","commentary","visibility","created_at","like_count","comment_count","share_count"
"urn:li:share:88001","urn:li:person:mara-chen","Community program update number 1 focused on volunteer training and local partnerships.","PUBLIC","2026-05-03T14:00:00Z","27","1","1"
"urn:li:share:88002","urn:li:person:mara-chen","Community program update number 2 focused on volunteer training and local partnerships.","PUBLIC","2026-05-04T14:00:00Z","30","2","2"
"urn:li:share:88003","urn:li:person:mara-chen","Community program update number 3 focused on volunteer training and local partnerships.","PUBLIC","2026-05-05T14:00:00Z","33","3","3"
"urn:li:share:88004","urn:li:person:mara-chen","Community program update number 4 focused on volunteer training and local partnerships.","PUBLIC","2026-05-06T14:00:00Z","36","4","0"
"urn:li:share:88005","urn:li:person:mara-chen","Community program update number 5 focused on volunteer training and local partnerships.","PUBLIC","2026-05-07T14:00:00Z","39","5","1"
"urn:li:share:88006","urn:li:person:mara-chen","Community program update number 6 focused on volunteer training and local partnerships.","PUBLIC","2026-05-08T14:00:00Z","42","0","2"
"urn:li:share:88007","urn:li:person:mara-chen","Community program update number 7 focused on volunteer training and local partnerships.","PUBLIC","2026-05-09T14:00:00Z","45","1","3"
"urn:li:share:88008","urn:li:person:mara-chen","Community program update number 8 focused on volunteer training and local partnerships.","PUBLIC","2026-05-10T14:00:00Z","48","2","0"
"urn:li:share:88009","urn:li:person:mara-chen","Community program update number 9 focused on volunteer training and local partnerships.","PUBLIC","2026-05-11T14:00:00Z","51","3","1"
"urn:li:share:880010","urn:li:person:mara-chen","Community program update number 10 focused on volunteer training and local partnerships.","PUBLIC","2026-05-12T14:00:00Z","54","4","2"
"urn:li:share:880011","urn:li:person:mara-chen","Community program update number 11 focused on volunteer training and local partnerships.","PUBLIC","2026-05-13T14:00:00Z","57","5","3"
"urn:li:share:880012","urn:li:person:mara-chen","Community program update number 12 focused on volunteer training and local partnerships.","PUBLIC","2026-05-14T14:00:00Z","60","0","0"
