"id","user_id","user_login","user_name","game_id","game_name","type","title","viewer_count","started_at","language","is_live"
"tw-stream-1","tw-user-1","movementlab1","Movement Lab 1","game-1","Creative","live","Live movement workshop 1","86","2026-06-02T18:00:00Z","en","true"
"tw-stream-2","tw-user-2","movementlab2","Movement Lab 2","game-2","Creative","live","Live movement workshop 2","97","2026-06-03T18:00:00Z","en","true"
"tw-stream-3","tw-user-3","movementlab3","Movement Lab 3","game-3","Creative","live","Live movement workshop 3","108","2026-06-04T18:00:00Z","en","true"
"tw-stream-4","tw-user-4","movementlab4","Movement Lab 4","game-4","Creative","live","Live movement workshop 4","119","2026-06-05T18:00:00Z","en","true"
"tw-stream-5","tw-user-5","movementlab5","Movement Lab 5","game-5","Creative","live","Live movement workshop 5","130","2026-06-06T18:00:00Z","en","true"
"tw-stream-6","tw-user-6","movementlab6","Movement Lab 6","game-6","Creative","live","Live movement workshop 6","141","2026-06-07T18:00:00Z","en","true"
"tw-stream-7","tw-user-7","movementlab7","Movement Lab 7","game-7","Creative","live","Live movement workshop 7","152","2026-06-08T18:00:00Z","en","true"
"tw-stream-8","tw-user-8","movementlab8","Movement Lab 8","game-8","Creative","live","Live movement workshop 8","163","2026-06-09T18:00:00Z","en","true"
"tw-stream-9","tw-user-9","movementlab9","Movement Lab 9","game-9","Creative","live","Live movement workshop 9","174","2026-06-10T18:00:00Z","en","true"
"tw-stream-10","tw-user-10","movementlab10","Movement Lab 10","game-10","Creative","live","Live movement workshop 10","185","2026-06-11T18:00:00Z","en","true"
"tw-stream-11","tw-user-11","movementlab11","Movement Lab 11","game-11","Creative","live","Live movement workshop 11","196","2026-06-12T18:00:00Z","en","true"
"tw-stream-12","tw-user-12","movementlab12","Movement Lab 12","game-12","Creative","live","Live movement workshop 12","207","2026-06-13T18:00:00Z","en","true"
