"id","post_id","parent_id","author","body","score","created_utc"
"rdc_1","rdp_1","","commenter_1","A general response about practice structure and creative process.","3","1781003600"
"rdc_2","rdp_2","","commenter_2","A general response about practice structure and creative process.","4","1781007200"
"rdc_3","rdp_3","","commenter_3","A general response about practice structure and creative process.","5","1781010800"
"rdc_4","rdp_4","","commenter_4","A general response about practice structure and creative process.","6","1781014400"
"rdc_5","rdp_5","","commenter_5","A general response about practice structure and creative process.","7","1781018000"
"rdc_6","rdp_6","","commenter_6","A general response about practice structure and creative process.","8","1781021600"
"rdc_7","rdp_7","","commenter_7","A general response about practice structure and creative process.","9","1781025200"
"rdc_8","rdp_8","","commenter_8","A general response about practice structure and creative process.","10","1781028800"
"rdc_9","rdp_9","","commenter_9","A general response about practice structure and creative process.","2","1781032400"
"rdc_10","rdp_10","","commenter_10","A general response about practice structure and creative process.","3","1781036000"
"rdc_11","rdp_11","","commenter_11","A general response about practice structure and creative process.","4","1781039600"
"rdc_12","rdp_12","","commenter_12","A general response about practice structure and creative process.","5","1781043200"
"rdc_13","rdp_13","","commenter_13","A general response about practice structure and creative process.","6","1781046800"
"rdc_14","rdp_14","","commenter_14","A general response about practice structure and creative process.","7","1781050400"
"rdc_15","rdp_15","","commenter_15","A general response about practice structure and creative process.","8","1781054000"
"rdc_16","rdp_1","","commenter_16","A general response about practice structure and creative process.","9","1781057600"
"rdc_17","rdp_2","","commenter_17","A general response about practice structure and creative process.","10","1781061200"
"rdc_18","rdp_3","","commenter_18","A general response about practice structure and creative process.","2","1781064800"
