"id","subreddit","title","author","url","selftext","score","num_comments","created_utc","is_self"
"rdp_1","choreography","General technique discussion 1","member_1","https://reddit.mock/r/thread_1","Discussion of training habits and performance preparation without local event details.","34","4","1780007200","true"
"rdp_2","dance","General technique discussion 2","member_2","https://reddit.mock/r/thread_2","Discussion of training habits and performance preparation without local event details.","38","5","1780014400","true"
"rdp_3","choreography","General technique discussion 3","member_3","https://reddit.mock/r/thread_3","Discussion of training habits and performance preparation without local event details.","42","6","1780021600","true"
"rdp_4","dance","General technique discussion 4","member_4","https://reddit.mock/r/thread_4","Discussion of training habits and performance preparation without local event details.","46","7","1780028800","true"
"rdp_5","choreography","General technique discussion 5","member_5","https://reddit.mock/r/thread_5","Discussion of training habits and performance preparation without local event details.","50","8","1780036000","true"
"rdp_6","dance","General technique discussion 6","member_6","https://reddit.mock/r/thread_6","Discussion of training habits and performance preparation without local event details.","54","9","1780043200","true"
"rdp_7","choreography","General technique discussion 7","member_7","https://reddit.mock/r/thread_7","Discussion of training habits and performance preparation without local event details.","58","3","1780050400","true"
"rdp_8","dance","General technique discussion 8","member_8","https://reddit.mock/r/thread_8","Discussion of training habits and performance preparation without local event details.","62","4","1780057600","true"
"rdp_9","choreography","General technique discussion 9","member_9","https://reddit.mock/r/thread_9","Discussion of training habits and performance preparation without local event details.","66","5","1780064800","true"
"rdp_10","dance","General technique discussion 10","member_10","https://reddit.mock/r/thread_10","Discussion of training habits and performance preparation without local event details.","70","6","1780072000","true"
"rdp_11","choreography","General technique discussion 11","member_11","https://reddit.mock/r/thread_11","Discussion of training habits and performance preparation without local event details.","74","7","1780079200","true"
"rdp_12","dance","General technique discussion 12","member_12","https://reddit.mock/r/thread_12","Discussion of training habits and performance preparation without local event details.","78","8","1780086400","true"
"rdp_13","choreography","General technique discussion 13","member_13","https://reddit.mock/r/thread_13","Discussion of training habits and performance preparation without local event details.","82","9","1780093600","true"
"rdp_14","dance","General technique discussion 14","member_14","https://reddit.mock/r/thread_14","Discussion of training habits and performance preparation without local event details.","86","3","1780100800","true"
"rdp_15","choreography","General technique discussion 15","member_15","https://reddit.mock/r/thread_15","Discussion of training habits and performance preparation without local event details.","90","4","1780108000","true"
